time,stock_price,akpr,t_akpr,a_akpr,b_akpr,icln1,icln2,icln3,icln4,icln5,icln6,icln7,icln8,icln9,icln10
2023-05-23 09:20:14,0.0,0.42771,0.46981,0.0,0.0,0.0,0.00171,0.00171,0.00685,0.00685,0.00856,0.00856,0.0137,0.0137,0.0137
2023-05-23 09:20:16,-0.00342,0.40169,0.4656,30.0,15.0,-0.00342,0.00171,0.00171,0.00685,0.00685,0.00856,0.00856,0.0137,0.0137,0.0137
2023-05-23 09:20:18,-0.00171,0.27328,0.40444,0.0,0.0,-0.00171,0.00171,0.00171,0.00685,0.00685,0.00856,0.00856,0.0137,0.0137,0.0137
2023-05-23 09:20:20,0.0,0.48004,0.45985,-100.0,-8592.0,0.0,0.00171,0.00171,0.00685,0.00685,0.00856,0.00856,0.0137,0.0137,0.0137
2023-05-23 09:20:22,-0.00171,1.36097,0.46241,0.0,-6269.0,-0.00171,0.00171,0.00171,0.00685,0.00685,0.00856,0.00856,0.0137,0.0137,0.0137
2023-05-23 09:20:23,0.0,1.10621,0.45155,1.0,0.0,0.0,0.00171,0.00171,0.00685,0.00685,0.00856,0.00856,0.0137,0.0137,0.0137
2023-05-23 09:20:25,-0.00342,0.39124,0.31355,0.0,-119.0,-0.00342,0.00171,0.00171,0.00685,0.00685,0.00856,0.00856,0.0137,0.0137,0.0137
2023-05-23 09:20:27,-0.00342,0.6954,0.38894,0.0,-9090.0,-0.00342,0.00171,0.00171,0.00685,0.00685,0.00856,0.00856,0.0137,0.0137,0.0137
2023-05-23 09:20:29,-0.00171,0.59151,0.34043,0.0,0.0,-0.00171,0.00171,0.00171,0.00685,0.00685,0.00856,0.00856,0.0137,0.0137,0.0137
2023-05-23 09:20:31,-0.00342,0.62763,0.38302,0.0,5.0,-0.00342,0.00171,0.00171,0.00685,0.00685,0.00856,0.00856,0.0137,0.0137,0.0137
2023-05-23 09:20:33,-0.00514,0.6768,0.38499,0.0,52.0,-0.00514,0.00171,0.00171,0.00685,0.00685,0.00856,0.00856,0.0137,0.0137,0.0137
2023-05-23 09:20:35,-0.00514,0.71709,0.39738,0.0,17.0,-0.00514,0.00171,0.00171,0.00685,0.00685,0.00856,0.00856,0.0137,0.0137,0.0137
2023-05-23 09:20:37,-0.00685,0.4085,0.37696,0.0,34.0,-0.00685,0.00171,0.00171,0.00685,0.00685,0.00856,0.00856,0.0137,0.0137,0.0137
2023-05-23 09:20:38,-0.00514,0.46214,0.39146,20.0,-15.0,-0.00514,0.00171,0.00171,0.00685,0.00685,0.00856,0.00856,0.0137,0.0137,0.0137
2023-05-23 09:20:40,-0.00685,0.18339,0.30651,0.0,0.0,-0.00685,0.00171,0.00171,0.00685,0.00685,0.00856,0.00856,0.0137,0.0137,0.0137
2023-05-23 09:20:42,-0.00685,0.23044,0.31864,62.0,0.0,-0.00685,0.00171,0.00171,0.00685,0.00685,0.00856,0.00856,0.0137,0.0137,0.0137
2023-05-23 09:20:44,-0.00685,0.20988,0.30997,0.0,30.0,-0.00685,0.00171,0.00171,0.00685,0.00685,0.00856,0.00856,0.0137,0.0137,0.0137
2023-05-23 09:20:46,-0.00685,0.23942,0.30901,0.0,80.0,-0.00685,0.00171,0.00171,0.00685,0.00685,0.00856,0.00856,0.0137,0.0137,0.0137
2023-05-23 09:20:48,-0.00685,0.2522,0.31458,-38.0,-38.0,-0.00685,0.00171,0.00171,0.00685,0.00685,0.00856,0.00856,0.0137,0.0137,0.0137
2023-05-23 09:20:49,-0.01027,0.1588,0.27758,0.0,-875.0,-0.01027,0.00171,0.00171,0.00685,0.00685,0.00856,0.00856,0.0137,0.0137,0.0137
2023-05-23 09:20:51,-0.00856,0.32534,0.33921,0.0,-1.0,-0.00856,0.00171,0.00171,0.00685,0.00685,0.00856,0.00856,0.0137,0.0137,0.0137
2023-05-23 09:20:53,-0.0137,0.37717,0.39513,0.0,-2.0,-0.0137,0.00171,0.00171,0.00685,0.00685,0.00856,0.00856,0.0137,0.0137,0.0137
2023-05-23 09:20:55,-0.01541,0.67937,0.58052,-711.0,-1408.0,-0.01541,0.00171,0.00171,0.00685,0.00685,0.00856,0.00856,0.0137,0.0137,0.0137
2023-05-23 09:20:57,-0.01541,0.77715,0.54214,-100.0,641.0,-0.01541,0.00171,0.00171,0.00685,0.00685,0.00856,0.00856,0.0137,0.0137,0.0137
2023-05-23 09:20:59,-0.0137,1.31822,0.55137,2.0,95.0,-0.0137,0.00171,0.00171,0.00685,0.00685,0.00856,0.00856,0.0137,0.0137,0.0137
2023-05-23 09:21:01,-0.01199,1.10812,0.60669,197.0,0.0,-0.01199,-0.0137,-0.01541,0.00171,0.00171,0.00685,0.00685,0.00856,0.00856,0.0137
2023-05-23 09:21:02,-0.01541,1.09546,0.59289,0.0,53.0,-0.01541,-0.0137,-0.01541,0.00171,0.00171,0.00685,0.00685,0.00856,0.00856,0.0137
2023-05-23 09:21:04,-0.01712,0.86052,0.53169,0.0,-50.0,-0.01712,-0.0137,-0.01541,0.00171,0.00171,0.00685,0.00685,0.00856,0.00856,0.0137
2023-05-23 09:21:06,-0.01541,1.09751,0.60285,0.0,0.0,-0.01541,-0.0137,-0.01541,0.00171,0.00171,0.00685,0.00685,0.00856,0.00856,0.0137
2023-05-23 09:21:08,-0.01541,1.0083,0.55785,-150.0,0.0,-0.01541,-0.0137,-0.01541,0.00171,0.00171,0.00685,0.00685,0.00856,0.00856,0.0137
2023-05-23 09:21:10,-0.0137,0.95196,0.53414,-261.0,980.0,-0.0137,-0.0137,-0.01541,0.00171,0.00171,0.00685,0.00685,0.00856,0.00856,0.0137
2023-05-23 09:21:12,-0.01199,0.57465,0.30964,680.0,158.0,-0.01199,-0.0137,-0.01541,0.00171,0.00171,0.00685,0.00685,0.00856,0.00856,0.0137
2023-05-23 09:21:13,-0.01199,0.6118,0.34428,173.0,0.0,-0.01199,-0.0137,-0.01541,0.00171,0.00171,0.00685,0.00685,0.00856,0.00856,0.0137
2023-05-23 09:21:15,-0.01027,0.51437,0.33828,-1.0,0.0,-0.01027,-0.0137,-0.01541,0.00171,0.00171,0.00685,0.00685,0.00856,0.00856,0.0137
2023-05-23 09:21:17,-0.01199,0.4518,0.33024,0.0,150.0,-0.01199,-0.0137,-0.01541,0.00171,0.00171,0.00685,0.00685,0.00856,0.00856,0.0137
2023-05-23 09:21:19,-0.01027,0.49363,0.33316,-133.0,2.0,-0.01027,-0.0137,-0.01541,0.00171,0.00171,0.00685,0.00685,0.00856,0.00856,0.0137
2023-05-23 09:21:21,-0.01027,0.46809,0.32687,-12.0,86.0,-0.01027,-0.0137,-0.01541,0.00171,0.00171,0.00685,0.00685,0.00856,0.00856,0.0137
2023-05-23 09:21:23,-0.01027,0.5285,0.33246,-17.0,-3109.0,-0.01027,-0.0137,-0.01541,0.00171,0.00171,0.00685,0.00685,0.00856,0.00856,0.0137
2023-05-23 09:21:25,-0.01027,0.62306,0.37574,-2.0,-49.0,-0.01027,-0.0137,-0.01541,0.00171,0.00171,0.00685,0.00685,0.00856,0.00856,0.0137
2023-05-23 09:21:26,-0.00856,0.25276,0.30726,-436.0,8092.0,-0.00856,-0.0137,-0.01541,0.00171,0.00171,0.00685,0.00685,0.00856,0.00856,0.0137
2023-05-23 09:21:28,-0.00856,1.50969,0.38179,18.0,-5095.0,-0.00856,-0.0137,-0.01541,0.00171,0.00171,0.00685,0.00685,0.00856,0.00856,0.0137
2023-05-23 09:21:30,-0.00856,0.96011,0.35034,64.0,614.0,-0.00856,-0.0137,-0.01541,0.00171,0.00171,0.00685,0.00685,0.00856,0.00856,0.0137
2023-05-23 09:21:32,-0.00856,0.90689,0.34032,0.0,-1.0,-0.00856,-0.0137,-0.01541,0.00171,0.00171,0.00685,0.00685,0.00856,0.00856,0.0137
2023-05-23 09:21:34,-0.00856,1.00988,0.33791,0.0,0.0,-0.00856,-0.0137,-0.01541,0.00171,0.00171,0.00685,0.00685,0.00856,0.00856,0.0137
2023-05-23 09:21:36,-0.00685,1.42963,0.48399,0.0,-17.0,-0.00685,-0.0137,-0.01541,0.00171,0.00171,0.00685,0.00685,0.00856,0.00856,0.0137
2023-05-23 09:21:38,-0.00514,1.27234,0.44894,50.0,100.0,-0.00514,-0.0137,-0.01541,0.00171,0.00171,0.00685,0.00685,0.00856,0.00856,0.0137
2023-05-23 09:21:39,-0.00514,2.00172,0.52064,0.0,0.0,-0.00514,-0.0137,-0.01541,0.00171,0.00171,0.00685,0.00685,0.00856,0.00856,0.0137
2023-05-23 09:21:41,-0.00342,1.95051,0.52067,5.0,32.0,-0.00342,-0.0137,-0.01541,0.00171,0.00171,0.00685,0.00685,0.00856,0.00856,0.0137
2023-05-23 09:21:43,-0.00342,1.72433,0.5471,0.0,0.0,-0.00342,-0.0137,-0.01541,0.00171,0.00171,0.00685,0.00685,0.00856,0.00856,0.0137
2023-05-23 09:21:45,-0.00342,1.44472,0.51074,9.0,0.0,-0.00342,-0.0137,-0.01541,0.00171,0.00171,0.00685,0.00685,0.00856,0.00856,0.0137
2023-05-23 09:21:47,-0.00342,1.37991,0.51119,0.0,200.0,-0.00342,-0.0137,-0.01541,0.00171,0.00171,0.00685,0.00685,0.00856,0.00856,0.0137
2023-05-23 09:21:49,-0.00342,1.48136,0.52141,0.0,0.0,-0.00342,-0.0137,-0.01541,0.00171,0.00171,0.00685,0.00685,0.00856,0.00856,0.0137
2023-05-23 09:21:51,-0.00342,1.7804,0.5939,-100.0,-139.0,-0.00342,-0.0137,-0.01541,0.00171,0.00171,0.00685,0.00685,0.00856,0.00856,0.0137
2023-05-23 09:21:53,-0.00514,1.57109,0.59018,0.0,-202.0,-0.00514,-0.0137,-0.01541,0.00171,0.00171,0.00685,0.00685,0.00856,0.00856,0.0137
2023-05-23 09:21:54,-0.00514,1.65297,0.60926,1505.0,2.0,-0.00514,-0.0137,-0.01541,0.00171,0.00171,0.00685,0.00685,0.00856,0.00856,0.0137
2023-05-23 09:21:56,-0.00514,4.09979,0.71637,0.0,77.0,-0.00514,-0.0137,-0.01541,0.00171,0.00171,0.00685,0.00685,0.00856,0.00856,0.0137
2023-05-23 09:21:58,-0.00685,1.43774,0.48184,-3.0,0.0,-0.00685,-0.0137,-0.01541,0.00171,0.00171,0.00685,0.00685,0.00856,0.00856,0.0137
2023-05-23 09:22:00,-0.00685,1.3822,0.4754,0.0,5.0,-0.00685,-0.0137,-0.01541,-0.01541,-0.01541,0.00171,0.00171,0.00685,0.00685,0.00856
2023-05-23 09:22:02,-0.00685,1.32832,0.46331,0.0,100.0,-0.00685,-0.00685,-0.00685,-0.0137,-0.01541,0.00171,0.00171,0.00685,0.00685,0.00856
2023-05-23 09:22:04,-0.00685,1.23097,0.44435,-50.0,1522.0,-0.00685,-0.00685,-0.00685,-0.0137,-0.01541,0.00171,0.00171,0.00685,0.00685,0.00856
2023-05-23 09:22:05,-0.00856,1.03432,0.40803,51.0,-8.0,-0.00856,-0.00685,-0.00685,-0.0137,-0.01541,0.00171,0.00171,0.00685,0.00685,0.00856
2023-05-23 09:22:07,-0.00856,1.05697,0.41222,0.0,-1.0,-0.00856,-0.00685,-0.00685,-0.0137,-0.01541,0.00171,0.00171,0.00685,0.00685,0.00856
2023-05-23 09:22:09,-0.00856,1.08281,0.40164,0.0,-293.0,-0.00856,-0.00685,-0.00685,-0.0137,-0.01541,0.00171,0.00171,0.00685,0.00685,0.00856
2023-05-23 09:22:11,-0.00685,1.09143,0.38703,-20.0,0.0,-0.00685,-0.00685,-0.00685,-0.0137,-0.01541,0.00171,0.00171,0.00685,0.00685,0.00856
2023-05-23 09:22:13,-0.00856,1.12586,0.38275,-66.0,-66.0,-0.00856,-0.00685,-0.00685,-0.0137,-0.01541,0.00171,0.00171,0.00685,0.00685,0.00856
2023-05-23 09:22:15,-0.00856,1.09538,0.3701,0.0,0.0,-0.00856,-0.00685,-0.00685,-0.0137,-0.01541,0.00171,0.00171,0.00685,0.00685,0.00856
2023-05-23 09:22:17,-0.00856,1.09872,0.36929,0.0,35.0,-0.00856,-0.00685,-0.00685,-0.0137,-0.01541,0.00171,0.00171,0.00685,0.00685,0.00856
2023-05-23 09:22:18,-0.00856,1.09711,0.36923,0.0,-20.0,-0.00856,-0.00685,-0.00685,-0.0137,-0.01541,0.00171,0.00171,0.00685,0.00685,0.00856
2023-05-23 09:22:20,-0.00856,1.22406,0.41085,1552.0,-5211.0,-0.00856,-0.00685,-0.00685,-0.0137,-0.01541,0.00171,0.00171,0.00685,0.00685,0.00856
2023-05-23 09:22:22,-0.00685,1.0952,0.39104,305.0,209.0,-0.00685,-0.00685,-0.00685,-0.0137,-0.01541,0.00171,0.00171,0.00685,0.00685,0.00856
2023-05-23 09:22:24,-0.00685,1.00612,0.38597,-500.0,0.0,-0.00685,-0.00685,-0.00685,-0.0137,-0.01541,0.00171,0.00171,0.00685,0.00685,0.00856
2023-05-23 09:22:26,-0.00856,0.99526,0.47183,0.0,16.0,-0.00856,-0.00685,-0.00685,-0.0137,-0.01541,0.00171,0.00171,0.00685,0.00685,0.00856
2023-05-23 09:22:28,-0.00856,0.36721,0.3665,-1.0,0.0,-0.00856,-0.00685,-0.00685,-0.0137,-0.01541,0.00171,0.00171,0.00685,0.00685,0.00856
2023-05-23 09:22:30,-0.00856,0.34525,0.35647,0.0,0.0,-0.00856,-0.00685,-0.00685,-0.0137,-0.01541,0.00171,0.00171,0.00685,0.00685,0.00856
2023-05-23 09:22:31,-0.00856,0.7344,0.40265,0.0,43.0,-0.00856,-0.00685,-0.00685,-0.0137,-0.01541,0.00171,0.00171,0.00685,0.00685,0.00856
2023-05-23 09:22:33,-0.00514,0.49057,0.41755,-172.0,0.0,-0.00514,-0.00685,-0.00685,-0.0137,-0.01541,0.00171,0.00171,0.00685,0.00685,0.00856
2023-05-23 09:22:35,-0.00685,0.47149,0.41371,0.0,0.0,-0.00685,-0.00685,-0.00685,-0.0137,-0.01541,0.00171,0.00171,0.00685,0.00685,0.00856
2023-05-23 09:22:37,-0.00514,0.46221,0.41682,-1.0,0.0,-0.00514,-0.00685,-0.00685,-0.0137,-0.01541,0.00171,0.00171,0.00685,0.00685,0.00856
2023-05-23 09:22:39,-0.00342,1.25144,0.47149,-1.0,0.0,-0.00342,-0.00685,-0.00685,-0.0137,-0.01541,0.00171,0.00171,0.00685,0.00685,0.00856
2023-05-23 09:22:41,-0.00342,1.1753,0.47603,-3.0,172.0,-0.00342,-0.00685,-0.00685,-0.0137,-0.01541,0.00171,0.00171,0.00685,0.00685,0.00856
2023-05-23 09:22:42,-0.00171,2.18682,0.57427,-2.0,57.0,-0.00171,-0.00685,-0.00685,-0.0137,-0.01541,0.00171,0.00171,0.00685,0.00685,0.00856
2023-05-23 09:22:44,-0.00342,1.40714,0.54707,-1.0,0.0,-0.00342,-0.00685,-0.00685,-0.0137,-0.01541,0.00171,0.00171,0.00685,0.00685,0.00856
2023-05-23 09:22:46,-0.00171,1.10371,0.50118,-41.0,-1.0,-0.00171,-0.00685,-0.00685,-0.0137,-0.01541,0.00171,0.00171,0.00685,0.00685,0.00856
2023-05-23 09:22:48,-0.00171,1.18273,0.51089,-2.0,7.0,-0.00171,-0.00685,-0.00685,-0.0137,-0.01541,0.00171,0.00171,0.00685,0.00685,0.00856
2023-05-23 09:22:50,-0.00342,0.95539,0.47645,0.0,-1.0,-0.00342,-0.00685,-0.00685,-0.0137,-0.01541,0.00171,0.00171,0.00685,0.00685,0.00856
2023-05-23 09:22:52,0.0,1.45794,0.53368,31.0,0.0,0.0,-0.00685,-0.00685,-0.0137,-0.01541,0.00171,0.00171,0.00685,0.00685,0.00856
2023-05-23 09:22:54,0.0,1.27164,0.50858,-598.0,5.0,0.0,-0.00685,-0.00685,-0.0137,-0.01541,0.00171,0.00171,0.00685,0.00685,0.00856
2023-05-23 09:22:55,-0.00171,1.22627,0.50138,33.0,0.0,-0.00171,-0.00685,-0.00685,-0.0137,-0.01541,0.00171,0.00171,0.00685,0.00685,0.00856
2023-05-23 09:22:57,-0.00171,1.24614,0.51282,0.0,-1.0,-0.00171,-0.00685,-0.00685,-0.0137,-0.01541,0.00171,0.00171,0.00685,0.00685,0.00856
2023-05-23 09:22:59,0.00171,1.22224,0.61277,-1.0,5.0,0.00171,-0.00685,-0.00685,-0.0137,-0.01541,0.00171,0.00171,0.00685,0.00685,0.00856
2023-05-23 09:23:01,0.00171,0.58427,0.51276,-2.0,1410.0,0.00171,0.00171,0.0,-0.00685,-0.00685,-0.0137,-0.01541,0.00171,0.00171,0.00685
2023-05-23 09:23:03,0.00171,0.93719,0.58754,0.0,-1.0,0.00171,0.00171,0.0,-0.00685,-0.00685,-0.0137,-0.01541,0.00171,0.00171,0.00685
2023-05-23 09:23:05,-0.00171,0.99858,0.50956,1244.0,0.0,-0.00171,0.00171,0.0,-0.00685,-0.00685,-0.0137,-0.01541,0.00171,0.00171,0.00685
2023-05-23 09:23:07,0.0,0.99722,0.50656,4.0,0.0,0.0,0.00171,0.0,-0.00685,-0.00685,-0.0137,-0.01541,0.00171,0.00171,0.00685
2023-05-23 09:23:08,-0.00171,1.82865,0.72793,51.0,500.0,-0.00171,0.00171,0.0,-0.00685,-0.00685,-0.0137,-0.01541,0.00171,0.00171,0.00685
2023-05-23 09:23:10,-0.00171,1.70448,0.71316,0.0,-1.0,-0.00171,0.00171,0.0,-0.00685,-0.00685,-0.0137,-0.01541,0.00171,0.00171,0.00685
2023-05-23 09:23:12,0.0,1.71483,0.72639,-1.0,0.0,0.0,0.00171,0.0,-0.00685,-0.00685,-0.0137,-0.01541,0.00171,0.00171,0.00685
2023-05-23 09:23:14,0.0,1.69784,0.73955,-1.0,1.0,0.0,0.00171,0.0,-0.00685,-0.00685,-0.0137,-0.01541,0.00171,0.00171,0.00685
2023-05-23 09:23:16,-0.00171,1.66752,0.71163,-1.0,19.0,-0.00171,0.00171,0.0,-0.00685,-0.00685,-0.0137,-0.01541,0.00171,0.00171,0.00685
2023-05-23 09:23:18,0.0,1.57449,0.65939,-9.0,-1.0,0.0,0.00171,0.0,-0.00685,-0.00685,-0.0137,-0.01541,0.00171,0.00171,0.00685
2023-05-23 09:23:20,0.0,1.53775,0.67283,-1.0,0.0,0.0,0.00171,0.0,-0.00685,-0.00685,-0.0137,-0.01541,0.00171,0.00171,0.00685
2023-05-23 09:23:23,-0.00171,1.48767,0.75566,-239.0,0.0,-0.00171,0.00171,0.0,-0.00685,-0.00685,-0.0137,-0.01541,0.00171,0.00171,0.00685
2023-05-23 09:23:25,0.0,1.48828,0.75792,-1.0,0.0,0.0,0.00171,0.0,-0.00685,-0.00685,-0.0137,-0.01541,0.00171,0.00171,0.00685
2023-05-23 09:23:27,-0.00171,1.49767,0.76236,0.0,-1.0,-0.00171,0.00171,0.0,-0.00685,-0.00685,-0.0137,-0.01541,0.00171,0.00171,0.00685
2023-05-23 09:23:29,-0.00514,2.43365,0.82157,1597.0,-1.0,-0.00514,0.00171,0.0,-0.00685,-0.00685,-0.0137,-0.01541,0.00171,0.00171,0.00685
2023-05-23 09:23:31,-0.00514,1.28898,0.62513,150.0,0.0,-0.00514,0.00171,0.0,-0.00685,-0.00685,-0.0137,-0.01541,0.00171,0.00171,0.00685
2023-05-23 09:23:33,-0.00514,2.08553,0.67966,0.0,-1.0,-0.00514,0.00171,0.0,-0.00685,-0.00685,-0.0137,-0.01541,0.00171,0.00171,0.00685
2023-05-23 09:23:35,-0.00342,3.96246,0.70653,-1592.0,5.0,-0.00342,0.00171,0.0,-0.00685,-0.00685,-0.0137,-0.01541,0.00171,0.00171,0.00685
2023-05-23 09:23:36,-0.00514,3.62318,0.70021,0.0,-1.0,-0.00514,0.00171,0.0,-0.00685,-0.00685,-0.0137,-0.01541,0.00171,0.00171,0.00685
2023-05-23 09:23:38,-0.00342,2.76346,0.61261,-1.0,0.0,-0.00342,0.00171,0.0,-0.00685,-0.00685,-0.0137,-0.01541,0.00171,0.00171,0.00685
2023-05-23 09:23:40,-0.00685,1.29813,0.54797,-2439.0,3114.0,-0.00685,0.00171,0.0,-0.00685,-0.00685,-0.0137,-0.01541,0.00171,0.00171,0.00685
2023-05-23 09:23:42,-0.00514,0.33437,0.50194,-1.0,-1.0,-0.00514,0.00171,0.0,-0.00685,-0.00685,-0.0137,-0.01541,0.00171,0.00171,0.00685
2023-05-23 09:23:44,-0.00514,0.30492,0.48434,0.0,300.0,-0.00514,0.00171,0.0,-0.00685,-0.00685,-0.0137,-0.01541,0.00171,0.00171,0.00685
2023-05-23 09:23:46,0.0,0.94822,0.53266,-1.0,1519.0,0.0,0.00171,0.0,-0.00685,-0.00685,-0.0137,-0.01541,0.00171,0.00171,0.00685
2023-05-23 09:23:48,0.0,0.9618,0.54097,-1.0,-420.0,0.0,0.00171,0.0,-0.00685,-0.00685,-0.0137,-0.01541,0.00171,0.00171,0.00685
2023-05-23 09:23:49,-0.00342,0.67882,0.44433,-1.0,0.0,-0.00342,0.00171,0.0,-0.00685,-0.00685,-0.0137,-0.01541,0.00171,0.00171,0.00685
2023-05-23 09:23:51,-0.00342,0.72413,0.4516,0.0,-891.0,-0.00342,0.00171,0.0,-0.00685,-0.00685,-0.0137,-0.01541,0.00171,0.00171,0.00685
2023-05-23 09:23:53,-0.00514,1.47952,0.73419,0.0,10.0,-0.00514,0.00171,0.0,-0.00685,-0.00685,-0.0137,-0.01541,0.00171,0.00171,0.00685
2023-05-23 09:23:55,-0.00342,1.49471,0.88223,1.0,54.0,-0.00342,0.00171,0.0,-0.00685,-0.00685,-0.0137,-0.01541,0.00171,0.00171,0.00685
2023-05-23 09:23:57,0.0,1.55332,0.73633,-1.0,0.0,0.0,0.00171,0.0,-0.00685,-0.00685,-0.0137,-0.01541,0.00171,0.00171,0.00685
2023-05-23 09:23:59,0.0,1.43599,0.71848,0.0,-238.0,0.0,0.00171,0.0,-0.00685,-0.00685,-0.0137,-0.01541,0.00171,0.00171,0.00685
2023-05-23 09:24:01,-0.00514,1.25656,0.61509,0.0,-1.0,-0.00514,-0.00171,0.0,0.00171,0.0,-0.00685,-0.00685,-0.0137,-0.01541,0.00171
2023-05-23 09:24:02,-0.00171,2.08635,0.87699,-1.0,-1.0,-0.00171,-0.00171,0.0,0.00171,0.0,-0.00685,-0.00685,-0.0137,-0.01541,0.00171
2023-05-23 09:24:04,-0.00171,1.18333,0.67907,-1.0,0.0,-0.00171,-0.00171,0.0,0.00171,0.0,-0.00685,-0.00685,-0.0137,-0.01541,0.00171
2023-05-23 09:24:06,-0.00171,1.76451,0.86988,0.0,0.0,-0.00171,-0.00171,0.0,0.00171,0.0,-0.00685,-0.00685,-0.0137,-0.01541,0.00171
2023-05-23 09:24:08,-0.00342,1.14671,0.67877,0.0,86.0,-0.00342,-0.00171,0.0,0.00171,0.0,-0.00685,-0.00685,-0.0137,-0.01541,0.00171
2023-05-23 09:24:10,-0.00171,1.13349,0.80873,-1.0,0.0,-0.00171,-0.00171,0.0,0.00171,0.0,-0.00685,-0.00685,-0.0137,-0.01541,0.00171
2023-05-23 09:24:12,-0.00171,1.55743,0.97812,0.0,17.0,-0.00171,-0.00171,0.0,0.00171,0.0,-0.00685,-0.00685,-0.0137,-0.01541,0.00171
2023-05-23 09:24:13,-0.00171,1.25079,0.93854,0.0,235.0,-0.00171,-0.00171,0.0,0.00171,0.0,-0.00685,-0.00685,-0.0137,-0.01541,0.00171
2023-05-23 09:24:15,0.0,2.77601,1.07303,-1.0,0.0,0.0,-0.00171,0.0,0.00171,0.0,-0.00685,-0.00685,-0.0137,-0.01541,0.00171
2023-05-23 09:24:17,0.00171,2.71904,1.072,6.0,5.0,0.00171,-0.00171,0.0,0.00171,0.0,-0.00685,-0.00685,-0.0137,-0.01541,0.00171
2023-05-23 09:24:19,0.00171,3.55246,1.1116,1.0,50.0,0.00171,-0.00171,0.0,0.00171,0.0,-0.00685,-0.00685,-0.0137,-0.01541,0.00171
2023-05-23 09:24:21,0.0,2.99196,1.12369,0.0,-201.0,0.0,-0.00171,0.0,0.00171,0.0,-0.00685,-0.00685,-0.0137,-0.01541,0.00171
2023-05-23 09:24:23,0.0,3.13043,1.15232,-1.0,-2.0,0.0,-0.00171,0.0,0.00171,0.0,-0.00685,-0.00685,-0.0137,-0.01541,0.00171
2023-05-23 09:24:25,0.0,2.0737,1.10427,-54.0,0.0,0.0,-0.00171,0.0,0.00171,0.0,-0.00685,-0.00685,-0.0137,-0.01541,0.00171
2023-05-23 09:24:26,0.00171,1.86255,1.09831,-4.0,0.0,0.00171,-0.00171,0.0,0.00171,0.0,-0.00685,-0.00685,-0.0137,-0.01541,0.00171
2023-05-23 09:24:28,0.00171,2.01324,1.08689,0.0,0.0,0.00171,-0.00171,0.0,0.00171,0.0,-0.00685,-0.00685,-0.0137,-0.01541,0.00171
2023-05-23 09:24:30,0.00171,1.24517,1.19406,0.0,98.0,0.00171,-0.00171,0.0,0.00171,0.0,-0.00685,-0.00685,-0.0137,-0.01541,0.00171
2023-05-23 09:24:32,0.00171,1.04238,1.15595,-44.0,0.0,0.00171,-0.00171,0.0,0.00171,0.0,-0.00685,-0.00685,-0.0137,-0.01541,0.00171
2023-05-23 09:24:34,0.00514,2.37421,1.16339,-500.0,12332.0,0.00514,-0.00171,0.0,0.00171,0.0,-0.00685,-0.00685,-0.0137,-0.01541,0.00171
2023-05-23 09:24:36,0.00514,2.53219,1.84674,-155.0,0.0,0.00514,-0.00171,0.0,0.00171,0.0,-0.00685,-0.00685,-0.0137,-0.01541,0.00171
2023-05-23 09:24:38,0.00342,2.17368,1.77249,0.0,-70.0,0.00342,-0.00171,0.0,0.00171,0.0,-0.00685,-0.00685,-0.0137,-0.01541,0.00171
2023-05-23 09:24:39,0.00514,1.71183,1.64504,38.0,-1.0,0.00514,-0.00171,0.0,0.00171,0.0,-0.00685,-0.00685,-0.0137,-0.01541,0.00171
2023-05-23 09:24:41,0.00342,1.96108,1.69667,0.0,-1.0,0.00342,-0.00171,0.0,0.00171,0.0,-0.00685,-0.00685,-0.0137,-0.01541,0.00171
2023-05-23 09:24:43,0.00514,2.71022,2.77395,77.0,10.0,0.00514,-0.00171,0.0,0.00171,0.0,-0.00685,-0.00685,-0.0137,-0.01541,0.00171
2023-05-23 09:24:45,0.00342,2.95667,2.45405,-1.0,0.0,0.00342,-0.00171,0.0,0.00171,0.0,-0.00685,-0.00685,-0.0137,-0.01541,0.00171
2023-05-23 09:24:47,0.00514,2.31139,2.20462,-1.0,0.0,0.00514,-0.00171,0.0,0.00171,0.0,-0.00685,-0.00685,-0.0137,-0.01541,0.00171
2023-05-23 09:24:49,0.00342,2.43668,2.16627,0.0,-243.0,0.00342,-0.00171,0.0,0.00171,0.0,-0.00685,-0.00685,-0.0137,-0.01541,0.00171
2023-05-23 09:24:51,0.00514,3.35831,1.38691,-1.0,11560.0,0.00514,-0.00171,0.0,0.00171,0.0,-0.00685,-0.00685,-0.0137,-0.01541,0.00171
2023-05-23 09:24:52,0.00342,1.77211,1.40326,21.0,0.0,0.00342,-0.00171,0.0,0.00171,0.0,-0.00685,-0.00685,-0.0137,-0.01541,0.00171
2023-05-23 09:24:54,0.0,1.13143,1.07443,113.0,0.0,0.0,-0.00171,0.0,0.00171,0.0,-0.00685,-0.00685,-0.0137,-0.01541,0.00171
2023-05-23 09:24:56,0.0,2.18735,1.47447,0.0,0.0,0.0,-0.00171,0.0,0.00171,0.0,-0.00685,-0.00685,-0.0137,-0.01541,0.00171
2023-05-23 09:24:58,0.0,2.24865,1.48178,0.0,84.0,0.0,-0.00171,0.0,0.00171,0.0,-0.00685,-0.00685,-0.0137,-0.01541,0.00171
2023-05-23 09:25:00,0.0,1.15303,1.07983,0.0,0.0,0.0,0.0,0.0,-0.00171,0.0,0.00171,0.0,-0.00685,-0.00685,-0.0137
2023-05-23 09:25:02,-0.00171,0.74893,0.91751,0.0,-125.0,-0.00171,0.0,0.0,-0.00171,0.0,0.00171,0.0,-0.00685,-0.00685,-0.0137
2023-05-23 09:25:03,0.0,0.60393,0.87941,-10.0,0.0,0.0,0.0,0.0,-0.00171,0.0,0.00171,0.0,-0.00685,-0.00685,-0.0137
2023-05-23 09:25:05,0.0,1.25926,1.12988,0.0,2471.0,0.0,0.0,0.0,-0.00171,0.0,0.00171,0.0,-0.00685,-0.00685,-0.0137
2023-05-23 09:25:07,0.0,1.21625,1.1176,0.0,46.0,0.0,0.0,0.0,-0.00171,0.0,0.00171,0.0,-0.00685,-0.00685,-0.0137
2023-05-23 09:25:09,-0.00171,1.20823,1.11987,0.0,176.0,-0.00171,0.0,0.0,-0.00171,0.0,0.00171,0.0,-0.00685,-0.00685,-0.0137
2023-05-23 09:25:11,-0.00171,1.11295,1.10396,0.0,-371.0,-0.00171,0.0,0.0,-0.00171,0.0,0.00171,0.0,-0.00685,-0.00685,-0.0137
2023-05-23 09:25:13,-0.00171,0.87902,0.98008,-591.0,3766.0,-0.00171,0.0,0.0,-0.00171,0.0,0.00171,0.0,-0.00685,-0.00685,-0.0137
2023-05-23 09:25:15,-0.00171,0.66215,0.824,0.0,40.0,-0.00171,0.0,0.0,-0.00171,0.0,0.00171,0.0,-0.00685,-0.00685,-0.0137
2023-05-23 09:25:17,-0.01027,0.24225,0.53953,0.0,5265.0,-0.01027,0.0,0.0,-0.00171,0.0,0.00171,0.0,-0.00685,-0.00685,-0.0137
2023-05-23 09:25:18,-0.00342,0.14781,0.42816,55.0,0.0,-0.00342,0.0,0.0,-0.00171,0.0,0.00171,0.0,-0.00685,-0.00685,-0.0137
2023-05-23 09:25:20,-0.01199,0.19008,0.44718,10.0,0.0,-0.01199,0.0,0.0,-0.00171,0.0,0.00171,0.0,-0.00685,-0.00685,-0.0137
2023-05-23 09:25:22,-0.01199,0.15014,0.41438,-53.0,50.0,-0.01199,0.0,0.0,-0.00171,0.0,0.00171,0.0,-0.00685,-0.00685,-0.0137
2023-05-23 09:25:24,-0.01199,0.15302,0.41834,0.0,1198.0,-0.01199,0.0,0.0,-0.00171,0.0,0.00171,0.0,-0.00685,-0.00685,-0.0137
2023-05-23 09:25:26,-0.01199,0.14871,0.41067,0.0,-2.0,-0.01199,0.0,0.0,-0.00171,0.0,0.00171,0.0,-0.00685,-0.00685,-0.0137
2023-05-23 09:25:28,-0.01199,0.15055,0.40733,0.0,0.0,-0.01199,0.0,0.0,-0.00171,0.0,0.00171,0.0,-0.00685,-0.00685,-0.0137
2023-05-23 09:25:30,-0.01027,0.18244,0.42783,0.0,100.0,-0.01027,0.0,0.0,-0.00171,0.0,0.00171,0.0,-0.00685,-0.00685,-0.0137
2023-05-23 09:25:31,-0.01027,0.12994,0.2572,0.0,4.0,-0.01027,0.0,0.0,-0.00171,0.0,0.00171,0.0,-0.00685,-0.00685,-0.0137
2023-05-23 09:25:33,-0.01027,0.16559,0.43316,0.0,30.0,-0.01027,0.0,0.0,-0.00171,0.0,0.00171,0.0,-0.00685,-0.00685,-0.0137
2023-05-23 09:25:35,-0.01199,0.12991,0.39732,0.0,20.0,-0.01199,0.0,0.0,-0.00171,0.0,0.00171,0.0,-0.00685,-0.00685,-0.0137
2023-05-23 09:25:37,-0.01027,0.04768,0.21695,0.0,-4.0,-0.01027,0.0,0.0,-0.00171,0.0,0.00171,0.0,-0.00685,-0.00685,-0.0137
2023-05-23 09:25:39,-0.01199,0.05545,0.22533,0.0,30.0,-0.01199,0.0,0.0,-0.00171,0.0,0.00171,0.0,-0.00685,-0.00685,-0.0137
2023-05-23 09:25:41,-0.01027,0.06373,0.23132,0.0,59.0,-0.01027,0.0,0.0,-0.00171,0.0,0.00171,0.0,-0.00685,-0.00685,-0.0137
2023-05-23 09:25:42,-0.01199,0.06744,0.22762,10.0,0.0,-0.01199,0.0,0.0,-0.00171,0.0,0.00171,0.0,-0.00685,-0.00685,-0.0137
2023-05-23 09:25:44,-0.01199,0.07596,0.21995,0.0,0.0,-0.01199,0.0,0.0,-0.00171,0.0,0.00171,0.0,-0.00685,-0.00685,-0.0137
2023-05-23 09:25:46,-0.01199,0.0685,0.18364,0.0,-531.0,-0.01199,0.0,0.0,-0.00171,0.0,0.00171,0.0,-0.00685,-0.00685,-0.0137
2023-05-23 09:25:48,-0.01199,0.06171,0.18146,0.0,5.0,-0.01199,0.0,0.0,-0.00171,0.0,0.00171,0.0,-0.00685,-0.00685,-0.0137
2023-05-23 09:25:50,-0.01199,0.06569,0.18296,0.0,8.0,-0.01199,0.0,0.0,-0.00171,0.0,0.00171,0.0,-0.00685,-0.00685,-0.0137
2023-05-23 09:25:52,-0.01199,0.04358,0.12846,40.0,0.0,-0.01199,0.0,0.0,-0.00171,0.0,0.00171,0.0,-0.00685,-0.00685,-0.0137
2023-05-23 09:25:54,-0.01199,0.06486,0.18521,0.0,-4.0,-0.01199,0.0,0.0,-0.00171,0.0,0.00171,0.0,-0.00685,-0.00685,-0.0137
2023-05-23 09:25:55,-0.01027,0.05959,0.16928,-1.0,0.0,-0.01027,0.0,0.0,-0.00171,0.0,0.00171,0.0,-0.00685,-0.00685,-0.0137
2023-05-23 09:25:57,-0.01199,0.06135,0.19282,0.0,-88.0,-0.01199,0.0,0.0,-0.00171,0.0,0.00171,0.0,-0.00685,-0.00685,-0.0137
2023-05-23 09:25:59,-0.01027,0.0547,0.19183,0.0,-1.0,-0.01027,0.0,0.0,-0.00171,0.0,0.00171,0.0,-0.00685,-0.00685,-0.0137
2023-05-23 09:26:01,-0.01199,0.04529,0.18892,0.0,2.0,-0.01199,-0.01199,-0.01027,0.0,0.0,-0.00171,0.0,0.00171,0.0,-0.00685
2023-05-23 09:26:03,-0.0137,0.04426,0.18695,0.0,2.0,-0.0137,-0.01199,-0.01027,0.0,0.0,-0.00171,0.0,0.00171,0.0,-0.00685
2023-05-23 09:26:05,-0.01199,0.12571,0.15561,-25.0,0.0,-0.01199,-0.01199,-0.01027,0.0,0.0,-0.00171,0.0,0.00171,0.0,-0.00685
2023-05-23 09:26:07,-0.0137,0.14564,0.16495,0.0,170.0,-0.0137,-0.01199,-0.01027,0.0,0.0,-0.00171,0.0,0.00171,0.0,-0.00685
2023-05-23 09:26:08,-0.0137,0.13674,0.16263,0.0,71.0,-0.0137,-0.01199,-0.01027,0.0,0.0,-0.00171,0.0,0.00171,0.0,-0.00685
2023-05-23 09:26:10,-0.0137,0.12574,0.15589,0.0,5.0,-0.0137,-0.01199,-0.01027,0.0,0.0,-0.00171,0.0,0.00171,0.0,-0.00685
2023-05-23 09:26:12,-0.01199,0.13178,0.23178,0.0,1.0,-0.01199,-0.01199,-0.01027,0.0,0.0,-0.00171,0.0,0.00171,0.0,-0.00685
2023-05-23 09:26:14,-0.0137,0.13304,0.2341,0.0,35.0,-0.0137,-0.01199,-0.01027,0.0,0.0,-0.00171,0.0,0.00171,0.0,-0.00685
2023-05-23 09:26:16,-0.01199,0.12627,0.15488,0.0,0.0,-0.01199,-0.01199,-0.01027,0.0,0.0,-0.00171,0.0,0.00171,0.0,-0.00685
2023-05-23 09:26:18,-0.01199,0.08064,0.14597,0.0,86.0,-0.01199,-0.01199,-0.01027,0.0,0.0,-0.00171,0.0,0.00171,0.0,-0.00685
2023-05-23 09:26:19,-0.0137,0.08204,0.14698,0.0,-149.0,-0.0137,-0.01199,-0.01027,0.0,0.0,-0.00171,0.0,0.00171,0.0,-0.00685
2023-05-23 09:26:21,-0.0137,0.08169,0.1465,0.0,1.0,-0.0137,-0.01199,-0.01027,0.0,0.0,-0.00171,0.0,0.00171,0.0,-0.00685
2023-05-23 09:26:23,-0.0137,0.09067,0.14856,1.0,0.0,-0.0137,-0.01199,-0.01027,0.0,0.0,-0.00171,0.0,0.00171,0.0,-0.00685
2023-05-23 09:26:25,-0.01541,0.09664,0.13011,0.0,-880.0,-0.01541,-0.01199,-0.01027,0.0,0.0,-0.00171,0.0,0.00171,0.0,-0.00685
2023-05-23 09:26:27,-0.0137,0.06889,0.12175,100.0,0.0,-0.0137,-0.01199,-0.01027,0.0,0.0,-0.00171,0.0,0.00171,0.0,-0.00685
2023-05-23 09:26:29,-0.0137,0.08503,0.14878,0.0,178.0,-0.0137,-0.01199,-0.01027,0.0,0.0,-0.00171,0.0,0.00171,0.0,-0.00685
2023-05-23 09:26:33,-0.01199,0.06854,0.13875,40.0,200.0,-0.01199,-0.01199,-0.01027,0.0,0.0,-0.00171,0.0,0.00171,0.0,-0.00685
2023-05-23 09:26:35,-0.01199,0.09062,0.147,0.0,2.0,-0.01199,-0.01199,-0.01027,0.0,0.0,-0.00171,0.0,0.00171,0.0,-0.00685
2023-05-23 09:26:37,-0.01199,0.12878,0.16141,0.0,0.0,-0.01199,-0.01199,-0.01027,0.0,0.0,-0.00171,0.0,0.00171,0.0,-0.00685
2023-05-23 09:26:39,-0.01027,0.06666,0.2109,0.0,0.0,-0.01027,-0.01199,-0.01027,0.0,0.0,-0.00171,0.0,0.00171,0.0,-0.00685
2023-05-23 09:26:40,-0.01027,0.05357,0.20789,-1.0,2.0,-0.01027,-0.01199,-0.01027,0.0,0.0,-0.00171,0.0,0.00171,0.0,-0.00685
2023-05-23 09:26:42,-0.01027,0.06403,0.20927,0.0,-1.0,-0.01027,-0.01199,-0.01027,0.0,0.0,-0.00171,0.0,0.00171,0.0,-0.00685
2023-05-23 09:26:44,-0.01027,0.06255,0.20796,-1.0,-2.0,-0.01027,-0.01199,-0.01027,0.0,0.0,-0.00171,0.0,0.00171,0.0,-0.00685
2023-05-23 09:26:46,-0.01027,0.05279,0.20526,-1.0,0.0,-0.01027,-0.01199,-0.01027,0.0,0.0,-0.00171,0.0,0.00171,0.0,-0.00685
2023-05-23 09:26:48,-0.01027,0.05881,0.20797,-10.0,10.0,-0.01027,-0.01199,-0.01027,0.0,0.0,-0.00171,0.0,0.00171,0.0,-0.00685
2023-05-23 09:26:50,-0.01027,0.04493,0.18863,185.0,0.0,-0.01027,-0.01199,-0.01027,0.0,0.0,-0.00171,0.0,0.00171,0.0,-0.00685
2023-05-23 09:26:52,-0.00856,0.13248,0.25637,556.0,4.0,-0.00856,-0.01199,-0.01027,0.0,0.0,-0.00171,0.0,0.00171,0.0,-0.00685
2023-05-23 09:26:54,-0.01027,0.12304,0.2526,0.0,-173.0,-0.01027,-0.01199,-0.01027,0.0,0.0,-0.00171,0.0,0.00171,0.0,-0.00685
2023-05-23 09:26:55,-0.01027,0.16528,0.31213,0.0,-1.0,-0.01027,-0.01199,-0.01027,0.0,0.0,-0.00171,0.0,0.00171,0.0,-0.00685
2023-05-23 09:26:57,-0.00685,0.34506,0.33954,0.0,0.0,-0.00685,-0.01199,-0.01027,0.0,0.0,-0.00171,0.0,0.00171,0.0,-0.00685
2023-05-23 09:26:59,-0.00856,0.32363,0.33559,0.0,10.0,-0.00856,-0.01199,-0.01027,0.0,0.0,-0.00171,0.0,0.00171,0.0,-0.00685
2023-05-23 09:27:01,-0.00856,0.2273,0.32054,0.0,-1.0,-0.00856,-0.00856,-0.00685,-0.01199,-0.01027,0.0,0.0,-0.00171,0.0,0.00171
2023-05-23 09:27:03,-0.00856,0.32863,0.52084,-1.0,0.0,-0.00856,-0.00856,-0.00685,-0.01199,-0.01027,0.0,0.0,-0.00171,0.0,0.00171
2023-05-23 09:27:05,-0.00856,0.32315,0.51962,0.0,1.0,-0.00856,-0.00856,-0.00685,-0.01199,-0.01027,0.0,0.0,-0.00171,0.0,0.00171
2023-05-23 09:27:07,-0.00685,0.88058,0.65032,0.0,20.0,-0.00685,-0.00856,-0.00685,-0.01199,-0.01027,0.0,0.0,-0.00171,0.0,0.00171
2023-05-23 09:27:08,-0.00685,0.75282,0.6408,0.0,-1.0,-0.00685,-0.00856,-0.00685,-0.01199,-0.01027,0.0,0.0,-0.00171,0.0,0.00171
2023-05-23 09:27:10,-0.00685,0.88464,0.65793,-1.0,0.0,-0.00685,-0.00856,-0.00685,-0.01199,-0.01027,0.0,0.0,-0.00171,0.0,0.00171
2023-05-23 09:27:12,-0.00514,1.18984,0.68325,0.0,65.0,-0.00514,-0.00856,-0.00685,-0.01199,-0.01027,0.0,0.0,-0.00171,0.0,0.00171
2023-05-23 09:27:14,-0.00856,0.15662,0.273,-21.0,-20.0,-0.00856,-0.00856,-0.00685,-0.01199,-0.01027,0.0,0.0,-0.00171,0.0,0.00171
2023-05-23 09:27:16,-0.00514,0.35095,0.53199,-1.0,0.0,-0.00514,-0.00856,-0.00685,-0.01199,-0.01027,0.0,0.0,-0.00171,0.0,0.00171
2023-05-23 09:27:18,-0.00514,0.33676,0.52153,-1.0,0.0,-0.00514,-0.00856,-0.00685,-0.01199,-0.01027,0.0,0.0,-0.00171,0.0,0.00171
2023-05-23 09:27:19,-0.00514,0.72188,0.62622,-1.0,0.0,-0.00514,-0.00856,-0.00685,-0.01199,-0.01027,0.0,0.0,-0.00171,0.0,0.00171
2023-05-23 09:27:21,-0.00514,0.64095,0.60981,0.0,-1.0,-0.00514,-0.00856,-0.00685,-0.01199,-0.01027,0.0,0.0,-0.00171,0.0,0.00171
2023-05-23 09:27:23,-0.00514,0.63479,0.60883,-1.0,0.0,-0.00514,-0.00856,-0.00685,-0.01199,-0.01027,0.0,0.0,-0.00171,0.0,0.00171
2023-05-23 09:27:25,-0.00514,0.67681,0.6148,0.0,-1.0,-0.00514,-0.00856,-0.00685,-0.01199,-0.01027,0.0,0.0,-0.00171,0.0,0.00171
2023-05-23 09:27:27,-0.00514,1.32534,0.73907,0.0,33.0,-0.00514,-0.00856,-0.00685,-0.01199,-0.01027,0.0,0.0,-0.00171,0.0,0.00171
2023-05-23 09:27:29,-0.00514,1.27816,0.7339,0.0,0.0,-0.00514,-0.00856,-0.00685,-0.01199,-0.01027,0.0,0.0,-0.00171,0.0,0.00171
2023-05-23 09:27:31,-0.00342,1.54666,0.75336,-1.0,0.0,-0.00342,-0.00856,-0.00685,-0.01199,-0.01027,0.0,0.0,-0.00171,0.0,0.00171
2023-05-23 09:27:33,-0.00342,1.3888,0.72022,-1.0,0.0,-0.00342,-0.00856,-0.00685,-0.01199,-0.01027,0.0,0.0,-0.00171,0.0,0.00171
2023-05-23 09:27:34,-0.00171,1.22483,0.84842,-1.0,2000.0,-0.00171,-0.00856,-0.00685,-0.01199,-0.01027,0.0,0.0,-0.00171,0.0,0.00171
2023-05-23 09:27:36,0.0,1.14168,0.94471,-1.0,0.0,0.0,-0.00856,-0.00685,-0.01199,-0.01027,0.0,0.0,-0.00171,0.0,0.00171
2023-05-23 09:27:38,0.00171,0.72767,1.02121,-1.0,5.0,0.00171,-0.00856,-0.00685,-0.01199,-0.01027,0.0,0.0,-0.00171,0.0,0.00171
2023-05-23 09:27:40,0.00171,1.29448,1.71824,0.0,4.0,0.00171,-0.00856,-0.00685,-0.01199,-0.01027,0.0,0.0,-0.00171,0.0,0.00171
2023-05-23 09:27:42,0.00342,1.12149,1.72738,-162.0,-7.0,0.00342,-0.00856,-0.00685,-0.01199,-0.01027,0.0,0.0,-0.00171,0.0,0.00171
2023-05-23 09:27:44,0.00171,0.92292,1.58742,0.0,26.0,0.00171,-0.00856,-0.00685,-0.01199,-0.01027,0.0,0.0,-0.00171,0.0,0.00171
2023-05-23 09:27:45,0.00171,0.9171,1.54354,0.0,-1.0,0.00171,-0.00856,-0.00685,-0.01199,-0.01027,0.0,0.0,-0.00171,0.0,0.00171
2023-05-23 09:27:47,0.00171,0.95014,1.5287,2.0,10.0,0.00171,-0.00856,-0.00685,-0.01199,-0.01027,0.0,0.0,-0.00171,0.0,0.00171
2023-05-23 09:27:49,0.00342,0.72918,1.43176,0.0,0.0,0.00342,-0.00856,-0.00685,-0.01199,-0.01027,0.0,0.0,-0.00171,0.0,0.00171
2023-05-23 09:27:51,0.00514,1.36381,1.90304,512.0,-8863.0,0.00514,-0.00856,-0.00685,-0.01199,-0.01027,0.0,0.0,-0.00171,0.0,0.00171
2023-05-23 09:27:53,0.00514,2.1175,1.91894,-1.0,-5341.0,0.00514,-0.00856,-0.00685,-0.01199,-0.01027,0.0,0.0,-0.00171,0.0,0.00171
2023-05-23 09:27:55,0.00342,1.85772,1.87039,-1.0,335.0,0.00342,-0.00856,-0.00685,-0.01199,-0.01027,0.0,0.0,-0.00171,0.0,0.00171
2023-05-23 09:27:57,0.00514,1.68499,1.78821,-1.0,0.0,0.00514,-0.00856,-0.00685,-0.01199,-0.01027,0.0,0.0,-0.00171,0.0,0.00171
2023-05-23 09:27:58,0.00856,2.40003,2.59158,-1.0,106.0,0.00856,-0.00856,-0.00685,-0.01199,-0.01027,0.0,0.0,-0.00171,0.0,0.00171
2023-05-23 09:28:00,0.01027,1.9923,2.45187,-61.0,-17.0,0.01027,0.01027,0.00685,-0.00856,-0.00685,-0.01199,-0.01027,0.0,0.0,-0.00171
2023-05-23 09:28:02,0.01027,2.56515,2.66841,1.0,0.0,0.01027,0.01027,0.00685,-0.00856,-0.00685,-0.01199,-0.01027,0.0,0.0,-0.00171
2023-05-23 09:28:04,0.00685,3.63977,3.0265,5.0,0.0,0.00685,0.01027,0.00685,-0.00856,-0.00685,-0.01199,-0.01027,0.0,0.0,-0.00171
2023-05-23 09:28:06,0.00685,2.72598,3.34787,446.0,-14.0,0.00685,0.01027,0.00685,-0.00856,-0.00685,-0.01199,-0.01027,0.0,0.0,-0.00171
2023-05-23 09:28:08,0.00685,2.94172,3.44956,684.0,0.0,0.00685,0.01027,0.00685,-0.00856,-0.00685,-0.01199,-0.01027,0.0,0.0,-0.00171
2023-05-23 09:28:10,0.00856,3.17113,3.15565,5.0,0.0,0.00856,0.01027,0.00685,-0.00856,-0.00685,-0.01199,-0.01027,0.0,0.0,-0.00171
2023-05-23 09:28:11,0.00514,3.57687,3.32911,50.0,10.0,0.00514,0.01027,0.00685,-0.00856,-0.00685,-0.01199,-0.01027,0.0,0.0,-0.00171
2023-05-23 09:28:13,0.00514,3.59279,2.36342,0.0,17.0,0.00514,0.01027,0.00685,-0.00856,-0.00685,-0.01199,-0.01027,0.0,0.0,-0.00171
2023-05-23 09:28:15,0.00342,10.5,2.89145,0.0,-1456.0,0.00342,0.01027,0.00685,-0.00856,-0.00685,-0.01199,-0.01027,0.0,0.0,-0.00171
2023-05-23 09:28:17,0.00342,2.65341,1.93922,0.0,0.0,0.00342,0.01027,0.00685,-0.00856,-0.00685,-0.01199,-0.01027,0.0,0.0,-0.00171
2023-05-23 09:28:19,0.00171,2.9608,1.98033,167.0,0.0,0.00171,0.01027,0.00685,-0.00856,-0.00685,-0.01199,-0.01027,0.0,0.0,-0.00171
2023-05-23 09:28:21,0.00342,2.78579,1.95733,54.0,0.0,0.00342,0.01027,0.00685,-0.00856,-0.00685,-0.01199,-0.01027,0.0,0.0,-0.00171
2023-05-23 09:28:23,0.00342,2.77376,1.93782,1.0,100.0,0.00342,0.01027,0.00685,-0.00856,-0.00685,-0.01199,-0.01027,0.0,0.0,-0.00171
2023-05-23 09:28:25,0.00342,2.38312,1.87304,-40.0,0.0,0.00342,0.01027,0.00685,-0.00856,-0.00685,-0.01199,-0.01027,0.0,0.0,-0.00171
2023-05-23 09:28:26,0.00171,1.23833,0.94393,0.0,0.0,0.00171,0.01027,0.00685,-0.00856,-0.00685,-0.01199,-0.01027,0.0,0.0,-0.00171
2023-05-23 09:28:28,0.00171,1.42182,0.96582,0.0,-3216.0,0.00171,0.01027,0.00685,-0.00856,-0.00685,-0.01199,-0.01027,0.0,0.0,-0.00171
2023-05-23 09:28:30,0.0,0.84912,0.69849,-363.0,8.0,0.0,0.01027,0.00685,-0.00856,-0.00685,-0.01199,-0.01027,0.0,0.0,-0.00171
2023-05-23 09:28:32,0.0,0.84697,0.68624,10.0,1.0,0.0,0.01027,0.00685,-0.00856,-0.00685,-0.01199,-0.01027,0.0,0.0,-0.00171
2023-05-23 09:28:34,-0.00342,0.91911,0.68281,0.0,51.0,-0.00342,0.01027,0.00685,-0.00856,-0.00685,-0.01199,-0.01027,0.0,0.0,-0.00171
2023-05-23 09:28:36,0.0,0.95239,0.71896,0.0,0.0,0.0,0.01027,0.00685,-0.00856,-0.00685,-0.01199,-0.01027,0.0,0.0,-0.00171
2023-05-23 09:28:38,0.0,0.86046,0.71765,150.0,-8.0,0.0,0.01027,0.00685,-0.00856,-0.00685,-0.01199,-0.01027,0.0,0.0,-0.00171
2023-05-23 09:28:39,0.0,1.1866,0.96635,0.0,-223.0,0.0,0.01027,0.00685,-0.00856,-0.00685,-0.01199,-0.01027,0.0,0.0,-0.00171
2023-05-23 09:28:41,0.0,1.44407,1.04424,0.0,154.0,0.0,0.01027,0.00685,-0.00856,-0.00685,-0.01199,-0.01027,0.0,0.0,-0.00171
2023-05-23 09:28:43,0.00171,0.68065,0.75483,82.0,0.0,0.00171,0.01027,0.00685,-0.00856,-0.00685,-0.01199,-0.01027,0.0,0.0,-0.00171
2023-05-23 09:28:45,0.0,0.68827,0.75428,0.0,0.0,0.0,0.01027,0.00685,-0.00856,-0.00685,-0.01199,-0.01027,0.0,0.0,-0.00171
2023-05-23 09:28:47,-0.00171,0.55813,0.71247,0.0,280.0,-0.00171,0.01027,0.00685,-0.00856,-0.00685,-0.01199,-0.01027,0.0,0.0,-0.00171
2023-05-23 09:28:49,0.0,0.56039,0.72724,0.0,50.0,0.0,0.01027,0.00685,-0.00856,-0.00685,-0.01199,-0.01027,0.0,0.0,-0.00171
2023-05-23 09:28:51,0.0,0.54146,0.72385,0.0,0.0,0.0,0.01027,0.00685,-0.00856,-0.00685,-0.01199,-0.01027,0.0,0.0,-0.00171
2023-05-23 09:28:52,-0.00171,0.58333,0.74776,0.0,-100.0,-0.00171,0.01027,0.00685,-0.00856,-0.00685,-0.01199,-0.01027,0.0,0.0,-0.00171
2023-05-23 09:28:54,0.0,0.59803,0.7523,0.0,0.0,0.0,0.01027,0.00685,-0.00856,-0.00685,-0.01199,-0.01027,0.0,0.0,-0.00171
2023-05-23 09:28:56,0.0,0.59871,0.73459,0.0,0.0,0.0,0.01027,0.00685,-0.00856,-0.00685,-0.01199,-0.01027,0.0,0.0,-0.00171
2023-05-23 09:28:58,-0.00171,0.73257,0.88074,0.0,3268.0,-0.00171,0.01027,0.00685,-0.00856,-0.00685,-0.01199,-0.01027,0.0,0.0,-0.00171
2023-05-23 09:29:00,-0.00171,0.7401,0.88092,0.0,0.0,-0.00171,0.01027,0.00685,0.00685,0.00685,-0.00856,-0.00685,-0.01199,-0.01027,0.0
2023-05-23 09:29:02,-0.00171,0.73719,0.87807,0.0,200.0,-0.00171,-0.00171,-0.00171,0.01027,0.00685,-0.00856,-0.00685,-0.01199,-0.01027,0.0
2023-05-23 09:29:04,-0.00171,0.91178,0.92968,0.0,0.0,-0.00171,-0.00171,-0.00171,0.01027,0.00685,-0.00856,-0.00685,-0.01199,-0.01027,0.0
2023-05-23 09:29:05,-0.00171,0.64306,0.75248,0.0,0.0,-0.00171,-0.00171,-0.00171,0.01027,0.00685,-0.00856,-0.00685,-0.01199,-0.01027,0.0
2023-05-23 09:29:07,-0.00171,0.56874,0.7308,20.0,-160.0,-0.00171,-0.00171,-0.00171,0.01027,0.00685,-0.00856,-0.00685,-0.01199,-0.01027,0.0
2023-05-23 09:29:09,-0.00171,0.44433,0.63101,0.0,0.0,-0.00171,-0.00171,-0.00171,0.01027,0.00685,-0.00856,-0.00685,-0.01199,-0.01027,0.0
2023-05-23 09:29:11,-0.00342,0.4356,0.64845,0.0,-1219.0,-0.00342,-0.00171,-0.00171,0.01027,0.00685,-0.00856,-0.00685,-0.01199,-0.01027,0.0
2023-05-23 09:29:13,-0.00342,0.48616,0.66258,0.0,-987.0,-0.00342,-0.00171,-0.00171,0.01027,0.00685,-0.00856,-0.00685,-0.01199,-0.01027,0.0
2023-05-23 09:29:15,0.0,0.75893,0.733,0.0,1.0,0.0,-0.00171,-0.00171,0.01027,0.00685,-0.00856,-0.00685,-0.01199,-0.01027,0.0
2023-05-23 09:29:17,0.0,0.47258,0.65317,-2880.0,1.0,0.0,-0.00171,-0.00171,0.01027,0.00685,-0.00856,-0.00685,-0.01199,-0.01027,0.0
2023-05-23 09:29:18,-0.00342,0.4513,0.59901,0.0,17.0,-0.00342,-0.00171,-0.00171,0.01027,0.00685,-0.00856,-0.00685,-0.01199,-0.01027,0.0
2023-05-23 09:29:20,-0.00342,0.53962,0.61672,851.0,0.0,-0.00342,-0.00171,-0.00171,0.01027,0.00685,-0.00856,-0.00685,-0.01199,-0.01027,0.0
2023-05-23 09:29:22,-0.00342,0.54883,0.61592,0.0,-120.0,-0.00342,-0.00171,-0.00171,0.01027,0.00685,-0.00856,-0.00685,-0.01199,-0.01027,0.0
2023-05-23 09:29:24,-0.00342,0.60798,0.60598,-96.0,0.0,-0.00342,-0.00171,-0.00171,0.01027,0.00685,-0.00856,-0.00685,-0.01199,-0.01027,0.0
2023-05-23 09:29:26,-0.00342,0.74565,0.63493,-1.0,-1.0,-0.00342,-0.00171,-0.00171,0.01027,0.00685,-0.00856,-0.00685,-0.01199,-0.01027,0.0
2023-05-23 09:29:28,-0.00342,0.75404,0.63671,0.0,-22.0,-0.00342,-0.00171,-0.00171,0.01027,0.00685,-0.00856,-0.00685,-0.01199,-0.01027,0.0
2023-05-23 09:29:30,-0.00514,0.471,0.57665,0.0,5.0,-0.00514,-0.00171,-0.00171,0.01027,0.00685,-0.00856,-0.00685,-0.01199,-0.01027,0.0
2023-05-23 09:29:31,-0.00342,0.38343,0.51788,-4.0,-166.0,-0.00342,-0.00171,-0.00171,0.01027,0.00685,-0.00856,-0.00685,-0.01199,-0.01027,0.0
2023-05-23 09:29:33,-0.00171,0.41427,0.55169,0.0,-22.0,-0.00171,-0.00171,-0.00171,0.01027,0.00685,-0.00856,-0.00685,-0.01199,-0.01027,0.0
2023-05-23 09:29:35,-0.00171,0.43233,0.56264,-1.0,0.0,-0.00171,-0.00171,-0.00171,0.01027,0.00685,-0.00856,-0.00685,-0.01199,-0.01027,0.0
2023-05-23 09:29:37,-0.00171,0.43354,0.56301,-10.0,0.0,-0.00171,-0.00171,-0.00171,0.01027,0.00685,-0.00856,-0.00685,-0.01199,-0.01027,0.0
2023-05-23 09:29:39,-0.00514,0.43876,0.55945,0.0,0.0,-0.00514,-0.00171,-0.00171,0.01027,0.00685,-0.00856,-0.00685,-0.01199,-0.01027,0.0
2023-05-23 09:29:43,-0.00514,0.42907,0.53127,1.0,0.0,-0.00514,-0.00171,-0.00171,0.01027,0.00685,-0.00856,-0.00685,-0.01199,-0.01027,0.0
2023-05-23 09:29:45,-0.00171,0.80292,0.58257,0.0,40.0,-0.00171,-0.00171,-0.00171,0.01027,0.00685,-0.00856,-0.00685,-0.01199,-0.01027,0.0
2023-05-23 09:29:47,-0.00342,0.81859,0.58878,0.0,-17.0,-0.00342,-0.00171,-0.00171,0.01027,0.00685,-0.00856,-0.00685,-0.01199,-0.01027,0.0
2023-05-23 09:29:48,-0.00342,0.8158,0.58833,0.0,0.0,-0.00342,-0.00171,-0.00171,0.01027,0.00685,-0.00856,-0.00685,-0.01199,-0.01027,0.0
2023-05-23 09:29:50,-0.00171,0.87508,0.59386,0.0,0.0,-0.00171,-0.00171,-0.00171,0.01027,0.00685,-0.00856,-0.00685,-0.01199,-0.01027,0.0
2023-05-23 09:29:52,-0.00342,0.47677,0.57346,-429.0,0.0,-0.00342,-0.00171,-0.00171,0.01027,0.00685,-0.00856,-0.00685,-0.01199,-0.01027,0.0
2023-05-23 09:29:54,-0.00171,0.63674,0.65944,0.0,0.0,-0.00171,-0.00171,-0.00171,0.01027,0.00685,-0.00856,-0.00685,-0.01199,-0.01027,0.0
2023-05-23 09:29:56,-0.00342,0.68315,0.63435,100.0,1906.0,-0.00342,-0.00171,-0.00171,0.01027,0.00685,-0.00856,-0.00685,-0.01199,-0.01027,0.0
2023-05-23 09:29:58,0.0,0.78199,0.68939,0.0,-256.0,0.0,-0.00171,-0.00171,0.01027,0.00685,-0.00856,-0.00685,-0.01199,-0.01027,0.0
2023-05-23 09:29:59,-0.00171,0.63916,0.6601,100.0,0.0,-0.00171,-0.00171,-0.00171,0.01027,0.00685,-0.00856,-0.00685,-0.01199,-0.01027,0.0
2023-05-23 09:30:01,0.0,0.54816,0.6404,376.0,0.0,0.0,-0.00171,0.0,-0.00171,-0.00171,0.01027,0.00685,-0.00856,-0.00685,-0.01199
